{
  "minilm": {
    "trec-covid": {
      "ndcg@10": 0.4724572308675079,
      "mrr@10": 0.727499137336094,
      "map@100": 0.053081137571528506,
      "recall@10": 0.012836078700997905,
      "recall@50": 0.049690410502371635,
      "recall@100": 0.08551749768487697,
      "index_time_s": 312.89,
      "query_time_s": 0.06
    },
    "fiqa": {
      "ndcg@10": 0.3686713698407158,
      "mrr@10": 0.4542790088583724,
      "map@100": 0.30956063389266836,
      "recall@10": 0.44130556086574607,
      "recall@50": 0.6306326689428541,
      "recall@100": 0.7060569574458463,
      "index_time_s": 109.48,
      "query_time_s": 0.31
    },
    "scifact": {
      "ndcg@10": 0.6450816521455776,
      "mrr@10": 0.6109678843408566,
      "map@100": 0.6030740834806815,
      "recall@10": 0.7833333333333333,
      "recall@50": 0.8920000000000001,
      "recall@100": 0.925,
      "index_time_s": 18.88,
      "query_time_s": 0.13
    }
  },
  "word2vec_mean": {
    "trec-covid": {
      "ndcg@10": 0.3392974767749513,
      "mrr@10": 0.5273679847248852,
      "map@100": 0.026506712803596427,
      "recall@10": 0.008965134270846508,
      "recall@50": 0.030507591248581923,
      "recall@100": 0.051610676707509226,
      "index_time_s": 45.73,
      "query_time_s": 0.21
    },
    "fiqa": {
      "ndcg@10": 0.05963074934296184,
      "mrr@10": 0.0788027610067539,
      "map@100": 0.0478074992951264,
      "recall@10": 0.08093872005909043,
      "recall@50": 0.16038761906817461,
      "recall@100": 0.21752502041853894,
      "index_time_s": 22.77,
      "query_time_s": 0.95
    },
    "scifact": {
      "ndcg@10": 0.26866584917894193,
      "mrr@10": 0.2521016459087098,
      "map@100": 0.2411529867155007,
      "recall@10": 0.3680555555555556,
      "recall@50": 0.5187222222222222,
      "recall@100": 0.5987222222222223,
      "index_time_s": 18.94,
      "query_time_s": 0.04
    }
  },
  "word2vec_idf": {
    "trec-covid": {
      "ndcg@10": 0.43649389735416955,
      "mrr@10": 0.6353861869125027,
      "map@100": 0.044707807302732966,
      "recall@10": 0.011877486335841079,
      "recall@50": 0.045817086049512505,
      "recall@100": 0.07451890163800763,
      "index_time_s": 60.55,
      "query_time_s": 0.27
    },
    "fiqa": {
      "ndcg@10": 0.0885148723529975,
      "mrr@10": 0.11735611467229774,
      "map@100": 0.06990725278133449,
      "recall@10": 0.12249332029424623,
      "recall@50": 0.23306742554427737,
      "recall@100": 0.2960082098970988,
      "index_time_s": 29.78,
      "query_time_s": 1.43
    },
    "scifact": {
      "ndcg@10": 0.31013370902525833,
      "mrr@10": 0.296448626403731,
      "map@100": 0.2846754229204135,
      "recall@10": 0.40972222222222227,
      "recall@50": 0.5678888888888889,
      "recall@100": 0.6452222222222223,
      "index_time_s": 24.36,
      "query_time_s": 0.04
    }
  },
  "mpnet": {
    "trec-covid": {
      "ndcg@10": 0.5132565913149448,
      "mrr@10": 0.757625,
      "map@100": 0.07060779863407077,
      "recall@10": 0.01472867465438965,
      "recall@50": 0.06026521399107547,
      "recall@100": 0.10596443238157029,
      "index_time_s": 3173.48,
      "query_time_s": 0.84
    },
    "fiqa": {
      "ndcg@10": 0.499632541063815,
      "mrr@10": 0.588613866711227,
      "map@100": 0.4316668177659162,
      "recall@10": 0.5811245124902532,
      "recall@50": 0.7649024329579885,
      "recall@100": 0.8196917066130028,
      "index_time_s": 1038.38,
      "query_time_s": 1.78
    },
    "scifact": {
      "ndcg@10": 0.6556969164934108,
      "mrr@10": 0.6237115566525606,
      "map@100": 0.615954264365767,
      "recall@10": 0.7901111111111111,
      "recall@50": 0.9043333333333333,
      "recall@100": 0.9416666666666667,
      "index_time_s": 105.7,
      "query_time_s": 0.61
    }
  },
  "bge": {
    "trec-covid": {
      "ndcg@10": 0.780742633559072,
      "mrr@10": 0.9179999999999999,
      "map@100": 0.10967441205451439,
      "recall@10": 0.022076535324569324,
      "recall@50": 0.08354391519458458,
      "recall@100": 0.1406060337521087,
      "index_time_s": 5944.53,
      "query_time_s": 1.04
    },
    "fiqa": {
      "ndcg@10": 0.406231202203102,
      "mrr@10": 0.4931006421618674,
      "map@100": 0.3455279391532689,
      "recall@10": 0.48135195137509956,
      "recall@50": 0.6662740251860623,
      "recall@100": 0.7414716927448408,
      "index_time_s": 1781.4,
      "query_time_s": 2.87
    },
    "scifact": {
      "ndcg@10": 0.740391287918679,
      "mrr@10": 0.7070943031404664,
      "map@100": 0.6978264641184614,
      "recall@10": 0.8742222222222221,
      "recall@50": 0.9476666666666667,
      "recall@100": 0.9666666666666667,
      "index_time_s": 110.38,
      "query_time_s": 0.74
    }
  },
  "e5": {
    "trec-covid": {
      "ndcg@10": 0.6963316066450644,
      "mrr@10": 0.9133333333333333,
      "map@100": 0.09262861436471631,
      "recall@10": 0.019610372439609308,
      "recall@50": 0.07461745281826472,
      "recall@100": 0.12825429859351073,
      "index_time_s": 4952.74,
      "query_time_s": 1.61
    },
    "fiqa": {
      "ndcg@10": 0.3986663557596119,
      "mrr@10": 0.4862173537662214,
      "map@100": 0.3386141191586937,
      "recall@10": 0.4705088592820075,
      "recall@50": 0.6590063357424468,
      "recall@100": 0.732044310285051,
      "index_time_s": 1556.81,
      "query_time_s": 7.79
    },
    "scifact": {
      "ndcg@10": 0.7194288840281022,
      "mrr@10": 0.6880190096565388,
      "map@100": 0.6789364970942725,
      "recall@10": 0.8464999999999999,
      "recall@50": 0.926,
      "recall@100": 0.9626666666666667,
      "index_time_s": 103.5,
      "query_time_s": 0.64
    }
  },
  "dpr": {
    "trec-covid": {
      "ndcg@10": 0.14442802146505884,
      "mrr@10": 0.32661111111111113,
      "map@100": 0.005716430234073375,
      "recall@10": 0.003488552912083419,
      "recall@50": 0.01158631664027802,
      "recall@100": 0.01706149846647441,
      "index_time_s": 57378.11,
      "query_time_s": 0.62
    },
    "fiqa": {
      "ndcg@10": 0.060052775750294204,
      "mrr@10": 0.08461444248481285,
      "map@100": 0.045514665750095336,
      "recall@10": 0.07933575769223918,
      "recall@50": 0.17031232227991489,
      "recall@100": 0.2170465294307887,
      "index_time_s": 2678.52,
      "query_time_s": 1.25
    },
    "scifact": {
      "ndcg@10": 0.21893974801694013,
      "mrr@10": 0.19156216931216932,
      "map@100": 0.1916840846438895,
      "recall@10": 0.3247777777777778,
      "recall@50": 0.47694444444444445,
      "recall@100": 0.5651111111111111,
      "index_time_s": 129.62,
      "query_time_s": 0.7
    }
  },
  "doc2vec_dbow": {
    "trec-covid": {
      "ndcg@10": 0.1864917369094189,
      "mrr@10": 0.39838095238095234,
      "map@100": 0.007044497471043593,
      "recall@10": 0.0049462078385222,
      "recall@50": 0.013485001188325725,
      "recall@100": 0.019208347837872196,
      "index_time_s": 311.96,
      "query_time_s": 0.13
    },
    "fiqa": {
      "ndcg@10": 0.019643199962474465,
      "mrr@10": 0.024594601214971583,
      "map@100": 0.01627674172025596,
      "recall@10": 0.02535089653145209,
      "recall@50": 0.05911546015712682,
      "recall@100": 0.09130778771982476,
      "index_time_s": 81.74,
      "query_time_s": 0.75
    },
    "scifact": {
      "ndcg@10": 0.46870178450542466,
      "mrr@10": 0.43441402116402117,
      "map@100": 0.43301945697913746,
      "recall@10": 0.5978333333333333,
      "recall@50": 0.7382222222222222,
      "recall@100": 0.7985555555555556,
      "index_time_s": 11.24,
      "query_time_s": 0.1
    }
  }
}