{
  "base_all-MiniLM-L6-v2": {
    "scifact": {
      "ndcg@10": 0.6450816521455776,
      "mrr@10": 0.6047248677248678,
      "map@100": 0.6030740834806815,
      "recall@10": 0.7833333333333333,
      "recall@50": 0.8920000000000001,
      "recall@100": 0.925
    },
    "fiqa": {
      "ndcg@10": 0.3686713698407158,
      "mrr@10": 0.44512235449735443,
      "map@100": 0.30956063389266836,
      "recall@10": 0.44130556086574607,
      "recall@50": 0.6306326689428541,
      "recall@100": 0.7060569574458463
    },
    "trec-covid": {
      "ndcg@10": 0.4724572308675079,
      "mrr@10": 0.7243809523809525,
      "map@100": 0.053081137571528506,
      "recall@10": 0.012836078700997905,
      "recall@50": 0.049690410502371635,
      "recall@100": 0.08551749768487697
    }
  },
  "finetuned_all-MiniLM-L6-v2_fiqa_scifact": {
    "scifact": {
      "ndcg@10": 0.6596296904198627,
      "mrr@10": 0.6202195767195767,
      "map@100": 0.6206371488588919,
      "recall@10": 0.7933333333333333,
      "recall@50": 0.9166666666666666,
      "recall@100": 0.94
    },
    "fiqa": {
      "ndcg@10": 0.39966686025479736,
      "mrr@10": 0.4749853027630805,
      "map@100": 0.33748099612778976,
      "recall@10": 0.4737440671468449,
      "recall@50": 0.6469754225541262,
      "recall@100": 0.7359143000346704
    },
    "trec-covid": {
      "ndcg@10": 0.5027490980506258,
      "mrr@10": 0.7301904761904762,
      "map@100": 0.06020367597332122,
      "recall@10": 0.014105436247227493,
      "recall@50": 0.05418311666543426,
      "recall@100": 0.09262288214210203
    }
  }
}