{
  "base_all-MiniLM-L6-v2": {
    "scifact": {
      "ndcg@10": 0.6450816521455776,
      "mrr@10": 0.6047248677248678,
      "map@100": 0.6030740834806815,
      "recall@10": 0.7833333333333333,
      "recall@50": 0.8920000000000001,
      "recall@100": 0.925
    },
    "fiqa": {
      "ndcg@10": 0.3686713698407158,
      "mrr@10": 0.44512235449735443,
      "map@100": 0.30956063389266836,
      "recall@10": 0.44130556086574607,
      "recall@50": 0.6306326689428541,
      "recall@100": 0.7060569574458463
    },
    "trec-covid": {
      "ndcg@10": 0.4724572308675079,
      "mrr@10": 0.7243809523809525,
      "map@100": 0.053081137571528506,
      "recall@10": 0.012836078700997905,
      "recall@50": 0.049690410502371635,
      "recall@100": 0.08551749768487697
    }
  },
  "finetuned_all-MiniLM-L6-v2_scifact": {
    "scifact": {
      "ndcg@10": 0.6948862442316791,
      "mrr@10": 0.6442698412698413,
      "map@100": 0.6422728581841644,
      "recall@10": 0.8654444444444445,
      "recall@50": 0.9416666666666667,
      "recall@100": 0.9516666666666667
    },
    "fiqa": {
      "ndcg@10": 0.3593060606898954,
      "mrr@10": 0.4305941358024691,
      "map@100": 0.3011205590794271,
      "recall@10": 0.43357481424611055,
      "recall@50": 0.6208308366873181,
      "recall@100": 0.6922960569951311
    },
    "trec-covid": {
      "ndcg@10": 0.46057147761923795,
      "mrr@10": 0.6897460317460318,
      "map@100": 0.051654573059560685,
      "recall@10": 0.012485711849561303,
      "recall@50": 0.04751949544671823,
      "recall@100": 0.08199174999736272
    }
  }
}