{
  "base_all-MiniLM-L6-v2": {
    "scifact": {
      "ndcg@10": 0.6450816521455776,
      "mrr@10": 0.6109678843408566,
      "map@100": 0.6030740834806815,
      "recall@10": 0.7833333333333333,
      "recall@50": 0.8920000000000001,
      "recall@100": 0.925
    },
    "fiqa": {
      "ndcg@10": 0.3686713698407158,
      "mrr@10": 0.4542790088583724,
      "map@100": 0.30956063389266836,
      "recall@10": 0.44130556086574607,
      "recall@50": 0.6306326689428541,
      "recall@100": 0.7060569574458463
    },
    "trec-covid": {
      "ndcg@10": 0.4724572308675079,
      "mrr@10": 0.727499137336094,
      "map@100": 0.053081137571528506,
      "recall@10": 0.012836078700997905,
      "recall@50": 0.049690410502371635,
      "recall@100": 0.08551749768487697
    }
  },
  "finetuned_all-MiniLM-L6-v2_fiqa": {
    "scifact": {
      "ndcg@10": 0.6450564190052973,
      "mrr@10": 0.6140935961597882,
      "map@100": 0.6074674967382031,
      "recall@10": 0.7733333333333333,
      "recall@50": 0.8916666666666667,
      "recall@100": 0.9166666666666666
    },
    "fiqa": {
      "ndcg@10": 0.3963951863780044,
      "mrr@10": 0.4788834681389024,
      "map@100": 0.33411739860993506,
      "recall@10": 0.47316836969614745,
      "recall@50": 0.6524544856720782,
      "recall@100": 0.7345072280257465
    },
    "trec-covid": {
      "ndcg@10": 0.48669678462202526,
      "mrr@10": 0.7255174502712477,
      "map@100": 0.056283897563628595,
      "recall@10": 0.013225305233297489,
      "recall@50": 0.051884433949805235,
      "recall@100": 0.08855370754017634
    }
  }
}