{
  "hybrid_rrf": {
    "fiqa": {
      "ndcg@10": 0.29212570208860933,
      "mrr@10": 0.3579830491867529,
      "map@100": 0.242335764743564,
      "recall@10": 0.3689531747402118,
      "recall@50": 0.6255406330637812,
      "recall@100": 0.6964431273459052,
      "index_time_s": 1984.31,
      "query_time_s": 70.67
    },
    "scifact": {
      "ndcg@10": 0.6674203683209075,
      "mrr@10": 0.6320489417989418,
      "map@100": 0.6296018945421226,
      "recall@10": 0.7976666666666667,
      "recall@50": 0.9343333333333333,
      "recall@100": 0.9526666666666667,
      "index_time_s": 117.52,
      "query_time_s": 3.11
    },
    "trec-covid": {
      "ndcg@10": 0.7096943460459438,
      "mrr@10": 0.9283333333333332,
      "map@100": 0.08301209480796416,
      "recall@10": 0.018896141179808822,
      "recall@50": 0.07232270321417922,
      "recall@100": 0.1197295371849933,
      "index_time_s": 18519.92,
      "query_time_s": 14.02
    }
  },
  "hybrid_rrf+reranker": {
    "fiqa": {
      "ndcg@10": 0.37434981718831983,
      "mrr@10": 0.442581569664903,
      "map@100": 0.3118975343509361,
      "recall@10": 0.4574062896979563,
      "recall@50": 0.6333926875593542,
      "recall@100": 0.6965313107674218,
      "rerank_time_s": 346.99
    },
    "scifact": {
      "ndcg@10": 0.6887722338245835,
      "mrr@10": 0.659265873015873,
      "map@100": 0.6519504541494325,
      "recall@10": 0.8088888888888889,
      "recall@50": 0.9303333333333335,
      "recall@100": 0.9526666666666667,
      "rerank_time_s": 183.85
    },
    "trec-covid": {
      "ndcg@10": 0.7626641404745375,
      "mrr@10": 0.8806666666666666,
      "map@100": 0.09321234246061083,
      "recall@10": 0.020872611681968696,
      "recall@50": 0.08373023741769099,
      "recall@100": 0.1194622926507306,
      "rerank_time_s": 1878.83
    }
  }
}