{
  "bow": {
    "trec-covid": {
      "ndcg@10": 0.17628959418430157,
      "mrr@10": 0.3177460317460318,
      "map@100": 0.008384192404980836,
      "recall@10": 0.0035111436669424,
      "recall@50": 0.013318678081850612,
      "recall@100": 0.02221634376394664,
      "index_time_s": 7.73,
      "query_time_s": 18.22
    },
    "fiqa": {
      "ndcg@10": 0.06556180542513311,
      "mrr@10": 0.08888950127376054,
      "map@100": 0.05237739916894751,
      "recall@10": 0.07909223406908593,
      "recall@50": 0.14554224496354126,
      "recall@100": 0.1907116588829552,
      "index_time_s": 1.73,
      "query_time_s": 66.53
    },
    "scifact": {
      "ndcg@10": 0.3646773089712679,
      "mrr@10": 0.3423743386243386,
      "map@100": 0.33938061391839475,
      "recall@10": 0.46166666666666667,
      "recall@50": 0.5947222222222222,
      "recall@100": 0.6452777777777778,
      "index_time_s": 0.27,
      "query_time_s": 4.34
    }
  },
  "tfidf": {
    "trec-covid": {
      "ndcg@10": 0.28656233082797256,
      "mrr@10": 0.502515873015873,
      "map@100": 0.026355297071920428,
      "recall@10": 0.007662988472541825,
      "recall@50": 0.030480504885200144,
      "recall@100": 0.05422630028620645,
      "index_time_s": 7.11,
      "query_time_s": 3.43
    },
    "fiqa": {
      "ndcg@10": 0.1793154587521663,
      "mrr@10": 0.21561703899666865,
      "map@100": 0.14118739817124737,
      "recall@10": 0.2435241199130088,
      "recall@50": 0.4070824109018554,
      "recall@100": 0.490742145371775,
      "index_time_s": 1.73,
      "query_time_s": 11.19
    },
    "scifact": {
      "ndcg@10": 0.6285531214812363,
      "mrr@10": 0.589665343915344,
      "map@100": 0.582738951381619,
      "recall@10": 0.7735000000000001,
      "recall@50": 0.8762222222222222,
      "recall@100": 0.8915555555555554,
      "index_time_s": 0.26,
      "query_time_s": 0.69
    }
  },
  "bm25_tuned": {
    "_note": "k1=1.0 b=1.0 tuned via grid search on scifact test split (notebook 01). trec-covid and fiqa not yet tuned.",
    "scifact": {
      "k1": 1.0,
      "b": 1.0,
      "ndcg@10": 0.5650256600607854,
      "mrr@10": 0.5328584656084656,
      "map@100": 0.5265124576788759,
      "recall@10": 0.6881666666666666,
      "recall@50": 0.776,
      "recall@100": 0.7929444444444445
    }
  },
  "bm25": {
    "trec-covid": {
      "ndcg@10": 0.44711600006127417,
      "mrr@10": 0.7197222222222223,
      "map@100": 0.04127275331389693,
      "recall@10": 0.011269791451608769,
      "recall@50": 0.04303925273117413,
      "recall@100": 0.0706053390377374,
      "index_time_s": 6.62,
      "query_time_s": 18.2
    },
    "fiqa": {
      "ndcg@10": 0.15906254020182933,
      "mrr@10": 0.19854068685087203,
      "map@100": 0.12386426602026246,
      "recall@10": 0.2037164096191874,
      "recall@50": 0.30728484906725645,
      "recall@100": 0.3589928076039187,
      "index_time_s": 1.53,
      "query_time_s": 75.54
    },
    "scifact": {
      "ndcg@10": 0.5597016150134456,
      "mrr@10": 0.5242208994708994,
      "map@100": 0.5201906867268192,
      "recall@10": 0.6861666666666667,
      "recall@50": 0.7768333333333334,
      "recall@100": 0.7929444444444445,
      "index_time_s": 0.19,
      "query_time_s": 3.26
    }
  }
}